<?xml version="1.0" encoding="UTF-8"?>
<project-private xmlns="http://www.netbeans.org/ns/project-private/1">
    <editor-bookmarks xmlns="http://www.netbeans.org/ns/editor-bookmarks/2" lastBookmarkId="0"/>
    <open-files xmlns="http://www.netbeans.org/ns/projectui-open-files/2">
        <group>
            <file>file:/Users/javier/Google%20Drive/Mi%20unidad/DESARROLLO%20DE%20APLICACIONES/DESARROLLO%20ORIENTADO%20A%20OBJETOS%202/SEMANA%209/EFT_S9_JavierNunez/src/Controllers/DesktopController.java</file>
            <file>file:/Users/javier/Google%20Drive/Mi%20unidad/DESARROLLO%20DE%20APLICACIONES/DESARROLLO%20ORIENTADO%20A%20OBJETOS%202/SEMANA%209/EFT_S9_JavierNunez/src/Views/MenuPrincipal.java</file>
            <file>file:/Users/javier/Google%20Drive/Mi%20unidad/DESARROLLO%20DE%20APLICACIONES/DESARROLLO%20ORIENTADO%20A%20OBJETOS%202/SEMANA%209/EFT_S9_JavierNunez/src/Controllers/LaptopController.java</file>
            <file>file:/Users/javier/Google%20Drive/Mi%20unidad/DESARROLLO%20DE%20APLICACIONES/DESARROLLO%20ORIENTADO%20A%20OBJETOS%202/SEMANA%209/EFT_S9_JavierNunez/src/Models/Desktop.java</file>
            <file>file:/Users/javier/Google%20Drive/Mi%20unidad/DESARROLLO%20DE%20APLICACIONES/DESARROLLO%20ORIENTADO%20A%20OBJETOS%202/SEMANA%209/EFT_S9_JavierNunez/src/Controllers/DatabaseConnection.java</file>
            <file>file:/Users/javier/Google%20Drive/Mi%20unidad/DESARROLLO%20DE%20APLICACIONES/DESARROLLO%20ORIENTADO%20A%20OBJETOS%202/SEMANA%209/EFT_S9_JavierNunez/src/Models/Laptop.java</file>
            <file>file:/Users/javier/Google%20Drive/Mi%20unidad/DESARROLLO%20DE%20APLICACIONES/DESARROLLO%20ORIENTADO%20A%20OBJETOS%202/SEMANA%209/EFT_S9_JavierNunez/src/Models/Clientes.java</file>
        </group>
    </open-files>
</project-private>
